Mes_Pasta,Estacao,Arquivo,DOY,Data,Mes_Arquivo
VERAO,BRAZ,braz016_delays.txt,16,2020-01-16,January
VERAO,BRAZ,braz024_delays.txt,24,2020-01-24,January
VERAO,BRAZ,braz009_delays.txt,9,2020-01-09,January
VERAO,BRAZ,braz020_delays.txt,20,2020-01-20,January
VERAO,BRAZ,braz023_delays.txt,23,2020-01-23,January
VERAO,BRAZ,braz027_delays.txt,27,2020-01-27,January
VERAO,BRAZ,braz018_delays.txt,18,2020-01-18,January
VERAO,BRAZ,braz004_delays.txt,4,2020-01-04,January
VERAO,BRAZ,braz002_delays.txt,2,2020-01-02,January
VERAO,BRAZ,braz026_delays.txt,26,2020-01-26,January
VERAO,BRAZ,braz006_delays.txt,6,2020-01-06,January
VERAO,BRAZ,braz030_delays.txt,30,2020-01-30,January
VERAO,BRAZ,braz010_delays.txt,10,2020-01-10,January
VERAO,BRAZ,braz025_delays.txt,25,2020-01-25,January
VERAO,BRAZ,braz017_delays.txt,17,2020-01-17,January
VERAO,BRAZ,braz008_delays.txt,8,2020-01-08,January
VERAO,BRAZ,braz031_delays.txt,31,2020-01-31,January
VERAO,BRAZ,braz001_delays.txt,1,2020-01-01,January
VERAO,BRAZ,braz014_delays.txt,14,2020-01-14,January
VERAO,BRAZ,braz013_delays.txt,13,2020-01-13,January
VERAO,BRAZ,braz005_delays.txt,5,2020-01-05,January
VERAO,BRAZ,braz029_delays.txt,29,2020-01-29,January
VERAO,BRAZ,braz015_delays.txt,15,2020-01-15,January
VERAO,BRAZ,braz022_delays.txt,22,2020-01-22,January
VERAO,BRAZ,braz012_delays.txt,12,2020-01-12,January
VERAO,BRAZ,braz011_delays.txt,11,2020-01-11,January
VERAO,BRAZ,braz019_delays.txt,19,2020-01-19,January
VERAO,BRAZ,braz028_delays.txt,28,2020-01-28,January
VERAO,BRAZ,braz007_delays.txt,7,2020-01-07,January
VERAO,BRAZ,braz003_delays.txt,3,2020-01-03,January
VERAO,BRAZ,braz021_delays.txt,21,2020-01-21,January
VERAO,CUIB,cuib023_delays.txt,23,2020-01-23,January
VERAO,CUIB,cuib004_delays.txt,4,2020-01-04,January
VERAO,CUIB,cuib013_delays.txt,13,2020-01-13,January
VERAO,CUIB,cuib017_delays.txt,17,2020-01-17,January
VERAO,CUIB,cuib025_delays.txt,25,2020-01-25,January
VERAO,CUIB,cuib030_delays.txt,30,2020-01-30,January
VERAO,CUIB,cuib003_delays.txt,3,2020-01-03,January
VERAO,CUIB,cuib012_delays.txt,12,2020-01-12,January
VERAO,CUIB,cuib022_delays.txt,22,2020-01-22,January
VERAO,CUIB,cuib028_delays.txt,28,2020-01-28,January
VERAO,CUIB,cuib024_delays.txt,24,2020-01-24,January
VERAO,CUIB,cuib014_delays.txt,14,2020-01-14,January
VERAO,CUIB,cuib008_delays.txt,8,2020-01-08,January
VERAO,CUIB,cuib020_delays.txt,20,2020-01-20,January
VERAO,CUIB,cuib021_delays.txt,21,2020-01-21,January
VERAO,CUIB,cuib005_delays.txt,5,2020-01-05,January
VERAO,CUIB,cuib007_delays.txt,7,2020-01-07,January
VERAO,CUIB,cuib029_delays.txt,29,2020-01-29,January
VERAO,CUIB,cuib006_delays.txt,6,2020-01-06,January
VERAO,CUIB,cuib002_delays.txt,2,2020-01-02,January
VERAO,CUIB,cuib027_delays.txt,27,2020-01-27,January
VERAO,CUIB,cuib010_delays.txt,10,2020-01-10,January
VERAO,CUIB,cuib019_delays.txt,19,2020-01-19,January
VERAO,CUIB,cuib016_delays.txt,16,2020-01-16,January
VERAO,CUIB,cuib009_delays.txt,9,2020-01-09,January
VERAO,CUIB,cuib031_delays.txt,31,2020-01-31,January
VERAO,CUIB,cuib001_delays.txt,1,2020-01-01,January
VERAO,CUIB,cuib018_delays.txt,18,2020-01-18,January
VERAO,CUIB,cuib011_delays.txt,11,2020-01-11,January
VERAO,CUIB,cuib026_delays.txt,26,2020-01-26,January
VERAO,CUIB,cuib015_delays.txt,15,2020-01-15,January
VERAO,UFPR,ufpr010_delays.txt,10,2020-01-10,January
VERAO,UFPR,ufpr015_delays.txt,15,2020-01-15,January
VERAO,UFPR,ufpr018_delays.txt,18,2020-01-18,January
VERAO,UFPR,ufpr029_delays.txt,29,2020-01-29,January
VERAO,UFPR,ufpr016_delays.txt,16,2020-01-16,January
VERAO,UFPR,ufpr002_delays.txt,2,2020-01-02,January
VERAO,UFPR,ufpr007_delays.txt,7,2020-01-07,January
VERAO,UFPR,ufpr024_delays.txt,24,2020-01-24,January
VERAO,UFPR,ufpr030_delays.txt,30,2020-01-30,January
VERAO,UFPR,ufpr025_delays.txt,25,2020-01-25,January
VERAO,UFPR,ufpr005_delays.txt,5,2020-01-05,January
VERAO,UFPR,ufpr012_delays.txt,12,2020-01-12,January
VERAO,UFPR,ufpr022_delays.txt,22,2020-01-22,January
VERAO,UFPR,ufpr017_delays.txt,17,2020-01-17,January
VERAO,UFPR,ufpr028_delays.txt,28,2020-01-28,January
VERAO,UFPR,ufpr011_delays.txt,11,2020-01-11,January
VERAO,UFPR,ufpr019_delays.txt,19,2020-01-19,January
VERAO,UFPR,ufpr020_delays.txt,20,2020-01-20,January
VERAO,UFPR,ufpr026_delays.txt,26,2020-01-26,January
VERAO,UFPR,ufpr009_delays.txt,9,2020-01-09,January
VERAO,UFPR,ufpr013_delays.txt,13,2020-01-13,January
VERAO,UFPR,ufpr008_delays.txt,8,2020-01-08,January
VERAO,UFPR,ufpr031_delays.txt,31,2020-01-31,January
VERAO,UFPR,ufpr027_delays.txt,27,2020-01-27,January
VERAO,UFPR,ufpr021_delays.txt,21,2020-01-21,January
VERAO,UFPR,ufpr006_delays.txt,6,2020-01-06,January
VERAO,UFPR,ufpr004_delays.txt,4,2020-01-04,January
VERAO,UFPR,ufpr014_delays.txt,14,2020-01-14,January
VERAO,UFPR,ufpr001_delays.txt,1,2020-01-01,January
VERAO,UFPR,ufpr003_delays.txt,3,2020-01-03,January
VERAO,UFPR,ufpr023_delays.txt,23,2020-01-23,January
VERAO,NAUS,naus012_delays.txt,12,2020-01-12,January
VERAO,NAUS,naus010_delays.txt,10,2020-01-10,January
VERAO,NAUS,naus007_delays.txt,7,2020-01-07,January
VERAO,NAUS,naus020_delays.txt,20,2020-01-20,January
VERAO,NAUS,naus011_delays.txt,11,2020-01-11,January
VERAO,NAUS,naus024_delays.txt,24,2020-01-24,January
VERAO,NAUS,naus003_delays.txt,3,2020-01-03,January
VERAO,NAUS,naus029_delays.txt,29,2020-01-29,January
VERAO,NAUS,naus002_delays.txt,2,2020-01-02,January
VERAO,NAUS,naus005_delays.txt,5,2020-01-05,January
VERAO,NAUS,naus018_delays.txt,18,2020-01-18,January
VERAO,NAUS,naus014_delays.txt,14,2020-01-14,January
VERAO,NAUS,naus031_delays.txt,31,2020-01-31,January
VERAO,NAUS,naus026_delays.txt,26,2020-01-26,January
VERAO,NAUS,naus021_delays.txt,21,2020-01-21,January
VERAO,NAUS,naus025_delays.txt,25,2020-01-25,January
VERAO,NAUS,naus013_delays.txt,13,2020-01-13,January
VERAO,NAUS,naus017_delays.txt,17,2020-01-17,January
VERAO,NAUS,naus028_delays.txt,28,2020-01-28,January
VERAO,NAUS,naus022_delays.txt,22,2020-01-22,January
VERAO,NAUS,naus009_delays.txt,9,2020-01-09,January
VERAO,NAUS,naus006_delays.txt,6,2020-01-06,January
VERAO,NAUS,naus019_delays.txt,19,2020-01-19,January
VERAO,NAUS,naus023_delays.txt,23,2020-01-23,January
VERAO,NAUS,naus001_delays.txt,1,2020-01-01,January
VERAO,NAUS,naus030_delays.txt,30,2020-01-30,January
VERAO,NAUS,naus027_delays.txt,27,2020-01-27,January
VERAO,NAUS,naus015_delays.txt,15,2020-01-15,January
VERAO,NAUS,naus004_delays.txt,4,2020-01-04,January
VERAO,NAUS,naus008_delays.txt,8,2020-01-08,January
VERAO,NAUS,naus016_delays.txt,16,2020-01-16,January
VERAO,POAL,poal004_delays.txt,4,2020-01-04,January
VERAO,POAL,poal029_delays.txt,29,2020-01-29,January
VERAO,POAL,poal014_delays.txt,14,2020-01-14,January
VERAO,POAL,poal005_delays.txt,5,2020-01-05,January
VERAO,POAL,poal013_delays.txt,13,2020-01-13,January
VERAO,POAL,poal008_delays.txt,8,2020-01-08,January
VERAO,POAL,poal016_delays.txt,16,2020-01-16,January
VERAO,POAL,poal011_delays.txt,11,2020-01-11,January
VERAO,POAL,poal028_delays.txt,28,2020-01-28,January
VERAO,POAL,poal006_delays.txt,6,2020-01-06,January
VERAO,POAL,poal020_delays.txt,20,2020-01-20,January
VERAO,POAL,poal022_delays.txt,22,2020-01-22,January
VERAO,POAL,poal007_delays.txt,7,2020-01-07,January
VERAO,POAL,poal002_delays.txt,2,2020-01-02,January
VERAO,POAL,poal031_delays.txt,31,2020-01-31,January
VERAO,POAL,poal019_delays.txt,19,2020-01-19,January
VERAO,POAL,poal010_delays.txt,10,2020-01-10,January
VERAO,POAL,poal015_delays.txt,15,2020-01-15,January
VERAO,POAL,poal009_delays.txt,9,2020-01-09,January
VERAO,POAL,poal027_delays.txt,27,2020-01-27,January
VERAO,POAL,poal017_delays.txt,17,2020-01-17,January
VERAO,POAL,poal024_delays.txt,24,2020-01-24,January
VERAO,POAL,poal026_delays.txt,26,2020-01-26,January
VERAO,POAL,poal001_delays.txt,1,2020-01-01,January
VERAO,POAL,poal018_delays.txt,18,2020-01-18,January
VERAO,POAL,poal012_delays.txt,12,2020-01-12,January
VERAO,POAL,poal021_delays.txt,21,2020-01-21,January
VERAO,POAL,poal003_delays.txt,3,2020-01-03,January
VERAO,POAL,poal025_delays.txt,25,2020-01-25,January
VERAO,POAL,poal023_delays.txt,23,2020-01-23,January
VERAO,POAL,poal030_delays.txt,30,2020-01-30,January
VERAO,PERC,perc011_delays.txt,11,2020-01-11,January
VERAO,PERC,perc002_delays.txt,2,2020-01-02,January
VERAO,PERC,perc018_delays.txt,18,2020-01-18,January
VERAO,PERC,perc009_delays.txt,9,2020-01-09,January
VERAO,PERC,perc006_delays.txt,6,2020-01-06,January
VERAO,PERC,perc029_delays.txt,29,2020-01-29,January
VERAO,PERC,perc030_delays.txt,30,2020-01-30,January
VERAO,PERC,perc028_delays.txt,28,2020-01-28,January
VERAO,PERC,perc022_delays.txt,22,2020-01-22,January
VERAO,PERC,perc016_delays.txt,16,2020-01-16,January
VERAO,PERC,perc001_delays.txt,1,2020-01-01,January
VERAO,PERC,perc023_delays.txt,23,2020-01-23,January
VERAO,PERC,perc024_delays.txt,24,2020-01-24,January
VERAO,PERC,perc021_delays.txt,21,2020-01-21,January
VERAO,PERC,perc015_delays.txt,15,2020-01-15,January
VERAO,PERC,perc012_delays.txt,12,2020-01-12,January
VERAO,PERC,perc007_delays.txt,7,2020-01-07,January
VERAO,PERC,perc031_delays.txt,31,2020-01-31,January
VERAO,PERC,perc020_delays.txt,20,2020-01-20,January
VERAO,PERC,perc010_delays.txt,10,2020-01-10,January
VERAO,PERC,perc003_delays.txt,3,2020-01-03,January
VERAO,PERC,perc004_delays.txt,4,2020-01-04,January
VERAO,PERC,perc026_delays.txt,26,2020-01-26,January
VERAO,PERC,perc025_delays.txt,25,2020-01-25,January
VERAO,PERC,perc019_delays.txt,19,2020-01-19,January
VERAO,PERC,perc014_delays.txt,14,2020-01-14,January
VERAO,PERC,perc008_delays.txt,8,2020-01-08,January
VERAO,PERC,perc005_delays.txt,5,2020-01-05,January
VERAO,PERC,perc017_delays.txt,17,2020-01-17,January
VERAO,PERC,perc013_delays.txt,13,2020-01-13,January
VERAO,PERC,perc027_delays.txt,27,2020-01-27,January
VERAO,ONRJ,onrj030_delays.txt,30,2020-01-30,January
VERAO,ONRJ,onrj010_delays.txt,10,2020-01-10,January
VERAO,ONRJ,onrj018_delays.txt,18,2020-01-18,January
VERAO,ONRJ,onrj003_delays.txt,3,2020-01-03,January
VERAO,ONRJ,onrj024_delays.txt,24,2020-01-24,January
VERAO,ONRJ,onrj016_delays.txt,16,2020-01-16,January
VERAO,ONRJ,onrj005_delays.txt,5,2020-01-05,January
VERAO,ONRJ,onrj028_delays.txt,28,2020-01-28,January
VERAO,ONRJ,onrj023_delays.txt,23,2020-01-23,January
VERAO,ONRJ,onrj006_delays.txt,6,2020-01-06,January
VERAO,ONRJ,onrj001_delays.txt,1,2020-01-01,January
VERAO,ONRJ,onrj017_delays.txt,17,2020-01-17,January
VERAO,ONRJ,onrj012_delays.txt,12,2020-01-12,January
VERAO,ONRJ,onrj029_delays.txt,29,2020-01-29,January
VERAO,ONRJ,onrj014_delays.txt,14,2020-01-14,January
VERAO,ONRJ,onrj002_delays.txt,2,2020-01-02,January
VERAO,ONRJ,onrj021_delays.txt,21,2020-01-21,January
VERAO,ONRJ,onrj022_delays.txt,22,2020-01-22,January
VERAO,ONRJ,onrj026_delays.txt,26,2020-01-26,January
VERAO,ONRJ,onrj019_delays.txt,19,2020-01-19,January
VERAO,ONRJ,onrj013_delays.txt,13,2020-01-13,January
VERAO,ONRJ,onrj027_delays.txt,27,2020-01-27,January
VERAO,ONRJ,onrj011_delays.txt,11,2020-01-11,January
VERAO,ONRJ,onrj015_delays.txt,15,2020-01-15,January
VERAO,ONRJ,onrj020_delays.txt,20,2020-01-20,January
VERAO,ONRJ,onrj008_delays.txt,8,2020-01-08,January
VERAO,ONRJ,onrj009_delays.txt,9,2020-01-09,January
VERAO,ONRJ,onrj031_delays.txt,31,2020-01-31,January
VERAO,ONRJ,onrj025_delays.txt,25,2020-01-25,January
VERAO,ONRJ,onrj004_delays.txt,4,2020-01-04,January
VERAO,ONRJ,onrj007_delays.txt,7,2020-01-07,January
VERAO,SSA1,ssa1016_delays.txt,16,2020-01-16,January
VERAO,SSA1,ssa1007_delays.txt,7,2020-01-07,January
VERAO,SSA1,ssa1003_delays.txt,3,2020-01-03,January
VERAO,SSA1,ssa1010_delays.txt,10,2020-01-10,January
VERAO,SSA1,ssa1027_delays.txt,27,2020-01-27,January
VERAO,SSA1,ssa1011_delays.txt,11,2020-01-11,January
VERAO,SSA1,ssa1012_delays.txt,12,2020-01-12,January
VERAO,SSA1,ssa1024_delays.txt,24,2020-01-24,January
VERAO,SSA1,ssa1015_delays.txt,15,2020-01-15,January
VERAO,SSA1,ssa1025_delays.txt,25,2020-01-25,January
VERAO,SSA1,ssa1023_delays.txt,23,2020-01-23,January
VERAO,SSA1,ssa1031_delays.txt,31,2020-01-31,January
VERAO,SSA1,ssa1021_delays.txt,21,2020-01-21,January
VERAO,SSA1,ssa1001_delays.txt,1,2020-01-01,January
VERAO,SSA1,ssa1006_delays.txt,6,2020-01-06,January
VERAO,SSA1,ssa1014_delays.txt,14,2020-01-14,January
VERAO,SSA1,ssa1020_delays.txt,20,2020-01-20,January
VERAO,SSA1,ssa1030_delays.txt,30,2020-01-30,January
VERAO,SSA1,ssa1022_delays.txt,22,2020-01-22,January
VERAO,SSA1,ssa1017_delays.txt,17,2020-01-17,January
VERAO,SSA1,ssa1013_delays.txt,13,2020-01-13,January
VERAO,SSA1,ssa1029_delays.txt,29,2020-01-29,January
VERAO,SSA1,ssa1028_delays.txt,28,2020-01-28,January
VERAO,SSA1,ssa1018_delays.txt,18,2020-01-18,January
VERAO,SSA1,ssa1005_delays.txt,5,2020-01-05,January
VERAO,SSA1,ssa1004_delays.txt,4,2020-01-04,January
VERAO,SSA1,ssa1019_delays.txt,19,2020-01-19,January
VERAO,SSA1,ssa1009_delays.txt,9,2020-01-09,January
VERAO,SSA1,ssa1008_delays.txt,8,2020-01-08,January
VERAO,SSA1,ssa1002_delays.txt,2,2020-01-02,January
VERAO,SSA1,ssa1026_delays.txt,26,2020-01-26,January
VERAO,SAGA,saga012_delays.txt,12,2020-01-12,January
VERAO,SAGA,saga017_delays.txt,17,2020-01-17,January
VERAO,SAGA,saga006_delays.txt,6,2020-01-06,January
VERAO,SAGA,saga024_delays.txt,24,2020-01-24,January
VERAO,SAGA,saga003_delays.txt,3,2020-01-03,January
VERAO,SAGA,saga020_delays.txt,20,2020-01-20,January
VERAO,SAGA,saga015_delays.txt,15,2020-01-15,January
VERAO,SAGA,saga004_delays.txt,4,2020-01-04,January
VERAO,SAGA,saga028_delays.txt,28,2020-01-28,January
VERAO,SAGA,saga030_delays.txt,30,2020-01-30,January
VERAO,SAGA,saga008_delays.txt,8,2020-01-08,January
VERAO,SAGA,saga018_delays.txt,18,2020-01-18,January
VERAO,SAGA,saga014_delays.txt,14,2020-01-14,January
VERAO,SAGA,saga010_delays.txt,10,2020-01-10,January
VERAO,SAGA,saga005_delays.txt,5,2020-01-05,January
VERAO,SAGA,saga029_delays.txt,29,2020-01-29,January
VERAO,SAGA,saga023_delays.txt,23,2020-01-23,January
VERAO,SAGA,saga013_delays.txt,13,2020-01-13,January
VERAO,SAGA,saga002_delays.txt,2,2020-01-02,January
VERAO,SAGA,saga021_delays.txt,21,2020-01-21,January
VERAO,SAGA,saga025_delays.txt,25,2020-01-25,January
VERAO,SAGA,saga011_delays.txt,11,2020-01-11,January
VERAO,SAGA,saga019_delays.txt,19,2020-01-19,January
VERAO,SAGA,saga016_delays.txt,16,2020-01-16,January
VERAO,SAGA,saga001_delays.txt,1,2020-01-01,January
VERAO,SAGA,saga027_delays.txt,27,2020-01-27,January
VERAO,SAGA,saga009_delays.txt,9,2020-01-09,January
VERAO,SAGA,saga022_delays.txt,22,2020-01-22,January
VERAO,SAGA,saga031_delays.txt,31,2020-01-31,January
VERAO,SAGA,saga026_delays.txt,26,2020-01-26,January
VERAO,SAGA,saga007_delays.txt,7,2020-01-07,January
VERAO,POLI,poli003_delays.txt,3,2020-01-03,January
VERAO,POLI,poli015_delays.txt,15,2020-01-15,January
VERAO,POLI,poli009_delays.txt,9,2020-01-09,January
VERAO,POLI,poli010_delays.txt,10,2020-01-10,January
VERAO,POLI,poli012_delays.txt,12,2020-01-12,January
VERAO,POLI,poli002_delays.txt,2,2020-01-02,January
VERAO,POLI,poli011_delays.txt,11,2020-01-11,January
VERAO,POLI,poli004_delays.txt,4,2020-01-04,January
VERAO,POLI,poli025_delays.txt,25,2020-01-25,January
VERAO,POLI,poli017_delays.txt,17,2020-01-17,January
VERAO,POLI,poli024_delays.txt,24,2020-01-24,January
VERAO,POLI,poli030_delays.txt,30,2020-01-30,January
VERAO,POLI,poli008_delays.txt,8,2020-01-08,January
VERAO,POLI,poli013_delays.txt,13,2020-01-13,January
VERAO,POLI,poli027_delays.txt,27,2020-01-27,January
VERAO,POLI,poli023_delays.txt,23,2020-01-23,January
VERAO,POLI,poli018_delays.txt,18,2020-01-18,January
VERAO,POLI,poli022_delays.txt,22,2020-01-22,January
VERAO,POLI,poli007_delays.txt,7,2020-01-07,January
VERAO,POLI,poli031_delays.txt,31,2020-01-31,January
VERAO,POLI,poli005_delays.txt,5,2020-01-05,January
VERAO,POLI,poli029_delays.txt,29,2020-01-29,January
VERAO,POLI,poli021_delays.txt,21,2020-01-21,January
VERAO,POLI,poli026_delays.txt,26,2020-01-26,January
VERAO,POLI,poli001_delays.txt,1,2020-01-01,January
VERAO,POLI,poli020_delays.txt,20,2020-01-20,January
VERAO,POLI,poli014_delays.txt,14,2020-01-14,January
VERAO,POLI,poli028_delays.txt,28,2020-01-28,January
VERAO,POLI,poli016_delays.txt,16,2020-01-16,January
VERAO,POLI,poli006_delays.txt,6,2020-01-06,January
VERAO,POLI,poli019_delays.txt,19,2020-01-19,January
INVERNO,BRAZ,braz195_delays.txt,195,2020-07-13,July
INVERNO,BRAZ,braz209_delays.txt,209,2020-07-27,July
INVERNO,BRAZ,braz204_delays.txt,204,2020-07-22,July
INVERNO,BRAZ,braz190_delays.txt,190,2020-07-08,July
INVERNO,BRAZ,braz202_delays.txt,202,2020-07-20,July
INVERNO,BRAZ,braz194_delays.txt,194,2020-07-12,July
INVERNO,BRAZ,braz187_delays.txt,187,2020-07-05,July
INVERNO,BRAZ,braz201_delays.txt,201,2020-07-19,July
INVERNO,BRAZ,braz197_delays.txt,197,2020-07-15,July
INVERNO,BRAZ,braz192_delays.txt,192,2020-07-10,July
INVERNO,BRAZ,braz186_delays.txt,186,2020-07-04,July
INVERNO,BRAZ,braz183_delays.txt,183,2020-07-01,July
INVERNO,BRAZ,braz199_delays.txt,199,2020-07-17,July
INVERNO,BRAZ,braz200_delays.txt,200,2020-07-18,July
INVERNO,BRAZ,braz196_delays.txt,196,2020-07-14,July
INVERNO,BRAZ,braz212_delays.txt,212,2020-07-30,July
INVERNO,BRAZ,braz188_delays.txt,188,2020-07-06,July
INVERNO,BRAZ,braz207_delays.txt,207,2020-07-25,July
INVERNO,BRAZ,braz191_delays.txt,191,2020-07-09,July
INVERNO,BRAZ,braz206_delays.txt,206,2020-07-24,July
INVERNO,BRAZ,braz185_delays.txt,185,2020-07-03,July
INVERNO,BRAZ,braz205_delays.txt,205,2020-07-23,July
INVERNO,BRAZ,braz213_delays.txt,213,2020-07-31,July
INVERNO,BRAZ,braz210_delays.txt,210,2020-07-28,July
INVERNO,BRAZ,braz184_delays.txt,184,2020-07-02,July
INVERNO,BRAZ,braz189_delays.txt,189,2020-07-07,July
INVERNO,BRAZ,braz193_delays.txt,193,2020-07-11,July
INVERNO,BRAZ,braz208_delays.txt,208,2020-07-26,July
INVERNO,BRAZ,braz198_delays.txt,198,2020-07-16,July
INVERNO,BRAZ,braz203_delays.txt,203,2020-07-21,July
INVERNO,BRAZ,braz211_delays.txt,211,2020-07-29,July
INVERNO,CUIB,cuib195_delays.txt,195,2020-07-13,July
INVERNO,CUIB,cuib189_delays.txt,189,2020-07-07,July
INVERNO,CUIB,cuib199_delays.txt,199,2020-07-17,July
INVERNO,CUIB,cuib203_delays.txt,203,2020-07-21,July
INVERNO,CUIB,cuib192_delays.txt,192,2020-07-10,July
INVERNO,CUIB,cuib211_delays.txt,211,2020-07-29,July
INVERNO,CUIB,cuib193_delays.txt,193,2020-07-11,July
INVERNO,CUIB,cuib208_delays.txt,208,2020-07-26,July
INVERNO,CUIB,cuib213_delays.txt,213,2020-07-31,July
INVERNO,CUIB,cuib190_delays.txt,190,2020-07-08,July
INVERNO,CUIB,cuib204_delays.txt,204,2020-07-22,July
INVERNO,CUIB,cuib197_delays.txt,197,2020-07-15,July
INVERNO,CUIB,cuib201_delays.txt,201,2020-07-19,July
INVERNO,CUIB,cuib205_delays.txt,205,2020-07-23,July
INVERNO,CUIB,cuib198_delays.txt,198,2020-07-16,July
INVERNO,CUIB,cuib206_delays.txt,206,2020-07-24,July
INVERNO,CUIB,cuib188_delays.txt,188,2020-07-06,July
INVERNO,CUIB,cuib187_delays.txt,187,2020-07-05,July
INVERNO,CUIB,cuib186_delays.txt,186,2020-07-04,July
INVERNO,CUIB,cuib212_delays.txt,212,2020-07-30,July
INVERNO,CUIB,cuib207_delays.txt,207,2020-07-25,July
INVERNO,CUIB,cuib185_delays.txt,185,2020-07-03,July
INVERNO,CUIB,cuib194_delays.txt,194,2020-07-12,July
INVERNO,CUIB,cuib183_delays.txt,183,2020-07-01,July
INVERNO,CUIB,cuib209_delays.txt,209,2020-07-27,July
INVERNO,CUIB,cuib202_delays.txt,202,2020-07-20,July
INVERNO,CUIB,cuib184_delays.txt,184,2020-07-02,July
INVERNO,CUIB,cuib196_delays.txt,196,2020-07-14,July
INVERNO,CUIB,cuib200_delays.txt,200,2020-07-18,July
INVERNO,CUIB,cuib191_delays.txt,191,2020-07-09,July
INVERNO,CUIB,cuib210_delays.txt,210,2020-07-28,July
INVERNO,UFPR,ufpr191_delays.txt,191,2020-07-09,July
INVERNO,UFPR,ufpr209_delays.txt,209,2020-07-27,July
INVERNO,UFPR,ufpr193_delays.txt,193,2020-07-11,July
INVERNO,UFPR,ufpr213_delays.txt,213,2020-07-31,July
INVERNO,UFPR,ufpr196_delays.txt,196,2020-07-14,July
INVERNO,UFPR,ufpr205_delays.txt,205,2020-07-23,July
INVERNO,UFPR,ufpr190_delays.txt,190,2020-07-08,July
INVERNO,UFPR,ufpr184_delays.txt,184,2020-07-02,July
INVERNO,UFPR,ufpr195_delays.txt,195,2020-07-13,July
INVERNO,UFPR,ufpr212_delays.txt,212,2020-07-30,July
INVERNO,UFPR,ufpr208_delays.txt,208,2020-07-26,July
INVERNO,UFPR,ufpr187_delays.txt,187,2020-07-05,July
INVERNO,UFPR,ufpr210_delays.txt,210,2020-07-28,July
INVERNO,UFPR,ufpr204_delays.txt,204,2020-07-22,July
INVERNO,UFPR,ufpr188_delays.txt,188,2020-07-06,July
INVERNO,UFPR,ufpr197_delays.txt,197,2020-07-15,July
INVERNO,UFPR,ufpr211_delays.txt,211,2020-07-29,July
INVERNO,UFPR,ufpr183_delays.txt,183,2020-07-01,July
INVERNO,UFPR,ufpr194_delays.txt,194,2020-07-12,July
INVERNO,UFPR,ufpr186_delays.txt,186,2020-07-04,July
INVERNO,UFPR,ufpr189_delays.txt,189,2020-07-07,July
INVERNO,UFPR,ufpr202_delays.txt,202,2020-07-20,July
INVERNO,UFPR,ufpr200_delays.txt,200,2020-07-18,July
INVERNO,UFPR,ufpr201_delays.txt,201,2020-07-19,July
INVERNO,UFPR,ufpr206_delays.txt,206,2020-07-24,July
INVERNO,UFPR,ufpr203_delays.txt,203,2020-07-21,July
INVERNO,UFPR,ufpr192_delays.txt,192,2020-07-10,July
INVERNO,UFPR,ufpr198_delays.txt,198,2020-07-16,July
INVERNO,UFPR,ufpr199_delays.txt,199,2020-07-17,July
INVERNO,UFPR,ufpr207_delays.txt,207,2020-07-25,July
INVERNO,UFPR,ufpr185_delays.txt,185,2020-07-03,July
INVERNO,NAUS,naus201_delays.txt,201,2020-07-19,July
INVERNO,NAUS,naus187_delays.txt,187,2020-07-05,July
INVERNO,NAUS,naus189_delays.txt,189,2020-07-07,July
INVERNO,NAUS,naus191_delays.txt,191,2020-07-09,July
INVERNO,NAUS,naus205_delays.txt,205,2020-07-23,July
INVERNO,NAUS,naus192_delays.txt,192,2020-07-10,July
INVERNO,NAUS,naus190_delays.txt,190,2020-07-08,July
INVERNO,NAUS,naus199_delays.txt,199,2020-07-17,July
INVERNO,NAUS,naus193_delays.txt,193,2020-07-11,July
INVERNO,NAUS,naus211_delays.txt,211,2020-07-29,July
INVERNO,NAUS,naus196_delays.txt,196,2020-07-14,July
INVERNO,NAUS,naus209_delays.txt,209,2020-07-27,July
INVERNO,NAUS,naus185_delays.txt,185,2020-07-03,July
INVERNO,NAUS,naus213_delays.txt,213,2020-07-31,July
INVERNO,NAUS,naus188_delays.txt,188,2020-07-06,July
INVERNO,NAUS,naus210_delays.txt,210,2020-07-28,July
INVERNO,NAUS,naus206_delays.txt,206,2020-07-24,July
INVERNO,NAUS,naus194_delays.txt,194,2020-07-12,July
INVERNO,NAUS,naus200_delays.txt,200,2020-07-18,July
INVERNO,NAUS,naus202_delays.txt,202,2020-07-20,July
INVERNO,NAUS,naus184_delays.txt,184,2020-07-02,July
INVERNO,NAUS,naus186_delays.txt,186,2020-07-04,July
INVERNO,NAUS,naus198_delays.txt,198,2020-07-16,July
INVERNO,NAUS,naus204_delays.txt,204,2020-07-22,July
INVERNO,NAUS,naus207_delays.txt,207,2020-07-25,July
INVERNO,NAUS,naus208_delays.txt,208,2020-07-26,July
INVERNO,NAUS,naus203_delays.txt,203,2020-07-21,July
INVERNO,NAUS,naus195_delays.txt,195,2020-07-13,July
INVERNO,NAUS,naus197_delays.txt,197,2020-07-15,July
INVERNO,NAUS,naus183_delays.txt,183,2020-07-01,July
INVERNO,NAUS,naus212_delays.txt,212,2020-07-30,July
INVERNO,POAL,poal190_delays.txt,190,2020-07-08,July
INVERNO,POAL,poal188_delays.txt,188,2020-07-06,July
INVERNO,POAL,poal183_delays.txt,183,2020-07-01,July
INVERNO,POAL,poal191_delays.txt,191,2020-07-09,July
INVERNO,POAL,poal200_delays.txt,200,2020-07-18,July
INVERNO,POAL,poal205_delays.txt,205,2020-07-23,July
INVERNO,POAL,poal187_delays.txt,187,2020-07-05,July
INVERNO,POAL,poal207_delays.txt,207,2020-07-25,July
INVERNO,POAL,poal203_delays.txt,203,2020-07-21,July
INVERNO,POAL,poal209_delays.txt,209,2020-07-27,July
INVERNO,POAL,poal196_delays.txt,196,2020-07-14,July
INVERNO,POAL,poal213_delays.txt,213,2020-07-31,July
INVERNO,POAL,poal192_delays.txt,192,2020-07-10,July
INVERNO,POAL,poal210_delays.txt,210,2020-07-28,July
INVERNO,POAL,poal193_delays.txt,193,2020-07-11,July
INVERNO,POAL,poal185_delays.txt,185,2020-07-03,July
INVERNO,POAL,poal199_delays.txt,199,2020-07-17,July
INVERNO,POAL,poal197_delays.txt,197,2020-07-15,July
INVERNO,POAL,poal208_delays.txt,208,2020-07-26,July
INVERNO,POAL,poal204_delays.txt,204,2020-07-22,July
INVERNO,POAL,poal202_delays.txt,202,2020-07-20,July
INVERNO,POAL,poal184_delays.txt,184,2020-07-02,July
INVERNO,POAL,poal194_delays.txt,194,2020-07-12,July
INVERNO,POAL,poal206_delays.txt,206,2020-07-24,July
INVERNO,POAL,poal189_delays.txt,189,2020-07-07,July
INVERNO,POAL,poal211_delays.txt,211,2020-07-29,July
INVERNO,POAL,poal198_delays.txt,198,2020-07-16,July
INVERNO,POAL,poal212_delays.txt,212,2020-07-30,July
INVERNO,POAL,poal195_delays.txt,195,2020-07-13,July
INVERNO,POAL,poal201_delays.txt,201,2020-07-19,July
INVERNO,POAL,poal186_delays.txt,186,2020-07-04,July
INVERNO,PERC,perc185_delays.txt,185,2020-07-03,July
INVERNO,PERC,perc190_delays.txt,190,2020-07-08,July
INVERNO,PERC,perc195_delays.txt,195,2020-07-13,July
INVERNO,PERC,perc212_delays.txt,212,2020-07-30,July
INVERNO,PERC,perc183_delays.txt,183,2020-07-01,July
INVERNO,PERC,perc199_delays.txt,199,2020-07-17,July
INVERNO,PERC,perc186_delays.txt,186,2020-07-04,July
INVERNO,PERC,perc205_delays.txt,205,2020-07-23,July
INVERNO,PERC,perc208_delays.txt,208,2020-07-26,July
INVERNO,PERC,perc213_delays.txt,213,2020-07-31,July
INVERNO,PERC,perc197_delays.txt,197,2020-07-15,July
INVERNO,PERC,perc193_delays.txt,193,2020-07-11,July
INVERNO,PERC,perc188_delays.txt,188,2020-07-06,July
INVERNO,PERC,perc203_delays.txt,203,2020-07-21,July
INVERNO,PERC,perc192_delays.txt,192,2020-07-10,July
INVERNO,PERC,perc196_delays.txt,196,2020-07-14,July
INVERNO,PERC,perc202_delays.txt,202,2020-07-20,July
INVERNO,PERC,perc189_delays.txt,189,2020-07-07,July
INVERNO,PERC,perc200_delays.txt,200,2020-07-18,July
INVERNO,PERC,perc209_delays.txt,209,2020-07-27,July
INVERNO,PERC,perc184_delays.txt,184,2020-07-02,July
INVERNO,PERC,perc210_delays.txt,210,2020-07-28,July
INVERNO,PERC,perc204_delays.txt,204,2020-07-22,July
INVERNO,PERC,perc198_delays.txt,198,2020-07-16,July
INVERNO,PERC,perc194_delays.txt,194,2020-07-12,July
INVERNO,PERC,perc201_delays.txt,201,2020-07-19,July
INVERNO,PERC,perc211_delays.txt,211,2020-07-29,July
INVERNO,PERC,perc187_delays.txt,187,2020-07-05,July
INVERNO,PERC,perc191_delays.txt,191,2020-07-09,July
INVERNO,PERC,perc207_delays.txt,207,2020-07-25,July
INVERNO,PERC,perc206_delays.txt,206,2020-07-24,July
INVERNO,ONRJ,onrj197_delays.txt,197,2020-07-15,July
INVERNO,ONRJ,onrj198_delays.txt,198,2020-07-16,July
INVERNO,ONRJ,onrj185_delays.txt,185,2020-07-03,July
INVERNO,ONRJ,onrj190_delays.txt,190,2020-07-08,July
INVERNO,ONRJ,onrj199_delays.txt,199,2020-07-17,July
INVERNO,ONRJ,onrj206_delays.txt,206,2020-07-24,July
INVERNO,ONRJ,onrj191_delays.txt,191,2020-07-09,July
INVERNO,ONRJ,onrj195_delays.txt,195,2020-07-13,July
INVERNO,ONRJ,onrj208_delays.txt,208,2020-07-26,July
INVERNO,ONRJ,onrj196_delays.txt,196,2020-07-14,July
INVERNO,ONRJ,onrj192_delays.txt,192,2020-07-10,July
INVERNO,ONRJ,onrj201_delays.txt,201,2020-07-19,July
INVERNO,ONRJ,onrj187_delays.txt,187,2020-07-05,July
INVERNO,ONRJ,onrj210_delays.txt,210,2020-07-28,July
INVERNO,ONRJ,onrj205_delays.txt,205,2020-07-23,July
INVERNO,ONRJ,onrj211_delays.txt,211,2020-07-29,July
INVERNO,ONRJ,onrj183_delays.txt,183,2020-07-01,July
INVERNO,ONRJ,onrj186_delays.txt,186,2020-07-04,July
INVERNO,ONRJ,onrj200_delays.txt,200,2020-07-18,July
INVERNO,ONRJ,onrj204_delays.txt,204,2020-07-22,July
INVERNO,ONRJ,onrj193_delays.txt,193,2020-07-11,July
INVERNO,ONRJ,onrj207_delays.txt,207,2020-07-25,July
INVERNO,ONRJ,onrj188_delays.txt,188,2020-07-06,July
INVERNO,ONRJ,onrj202_delays.txt,202,2020-07-20,July
INVERNO,ONRJ,onrj184_delays.txt,184,2020-07-02,July
INVERNO,ONRJ,onrj213_delays.txt,213,2020-07-31,July
INVERNO,ONRJ,onrj209_delays.txt,209,2020-07-27,July
INVERNO,ONRJ,onrj194_delays.txt,194,2020-07-12,July
INVERNO,ONRJ,onrj203_delays.txt,203,2020-07-21,July
INVERNO,ONRJ,onrj212_delays.txt,212,2020-07-30,July
INVERNO,ONRJ,onrj189_delays.txt,189,2020-07-07,July
INVERNO,SSA1,ssa1189_delays.txt,189,2020-07-07,July
INVERNO,SSA1,ssa1210_delays.txt,210,2020-07-28,July
INVERNO,SSA1,ssa1194_delays.txt,194,2020-07-12,July
INVERNO,SSA1,ssa1203_delays.txt,203,2020-07-21,July
INVERNO,SSA1,ssa1185_delays.txt,185,2020-07-03,July
INVERNO,SSA1,ssa1209_delays.txt,209,2020-07-27,July
INVERNO,SSA1,ssa1201_delays.txt,201,2020-07-19,July
INVERNO,SSA1,ssa1192_delays.txt,192,2020-07-10,July
INVERNO,SSA1,ssa1188_delays.txt,188,2020-07-06,July
INVERNO,SSA1,ssa1211_delays.txt,211,2020-07-29,July
INVERNO,SSA1,ssa1193_delays.txt,193,2020-07-11,July
INVERNO,SSA1,ssa1208_delays.txt,208,2020-07-26,July
INVERNO,SSA1,ssa1184_delays.txt,184,2020-07-02,July
INVERNO,SSA1,ssa1191_delays.txt,191,2020-07-09,July
INVERNO,SSA1,ssa1186_delays.txt,186,2020-07-04,July
INVERNO,SSA1,ssa1205_delays.txt,205,2020-07-23,July
INVERNO,SSA1,ssa1212_delays.txt,212,2020-07-30,July
INVERNO,SSA1,ssa1213_delays.txt,213,2020-07-31,July
INVERNO,SSA1,ssa1195_delays.txt,195,2020-07-13,July
INVERNO,SSA1,ssa1198_delays.txt,198,2020-07-16,July
INVERNO,SSA1,ssa1200_delays.txt,200,2020-07-18,July
INVERNO,SSA1,ssa1187_delays.txt,187,2020-07-05,July
INVERNO,SSA1,ssa1196_delays.txt,196,2020-07-14,July
INVERNO,SSA1,ssa1197_delays.txt,197,2020-07-15,July
INVERNO,SSA1,ssa1199_delays.txt,199,2020-07-17,July
INVERNO,SSA1,ssa1206_delays.txt,206,2020-07-24,July
INVERNO,SSA1,ssa1202_delays.txt,202,2020-07-20,July
INVERNO,SSA1,ssa1190_delays.txt,190,2020-07-08,July
INVERNO,SSA1,ssa1204_delays.txt,204,2020-07-22,July
INVERNO,SSA1,ssa1183_delays.txt,183,2020-07-01,July
INVERNO,SSA1,ssa1207_delays.txt,207,2020-07-25,July
INVERNO,SAGA,saga205_delays.txt,205,2020-07-23,July
INVERNO,SAGA,saga197_delays.txt,197,2020-07-15,July
INVERNO,SAGA,saga198_delays.txt,198,2020-07-16,July
INVERNO,SAGA,saga199_delays.txt,199,2020-07-17,July
INVERNO,SAGA,saga203_delays.txt,203,2020-07-21,July
INVERNO,SAGA,saga194_delays.txt,194,2020-07-12,July
INVERNO,SAGA,saga190_delays.txt,190,2020-07-08,July
INVERNO,SAGA,saga191_delays.txt,191,2020-07-09,July
INVERNO,SAGA,saga208_delays.txt,208,2020-07-26,July
INVERNO,SAGA,saga185_delays.txt,185,2020-07-03,July
INVERNO,SAGA,saga201_delays.txt,201,2020-07-19,July
INVERNO,SAGA,saga209_delays.txt,209,2020-07-27,July
INVERNO,SAGA,saga189_delays.txt,189,2020-07-07,July
INVERNO,SAGA,saga195_delays.txt,195,2020-07-13,July
INVERNO,SAGA,saga207_delays.txt,207,2020-07-25,July
INVERNO,SAGA,saga192_delays.txt,192,2020-07-10,July
INVERNO,SAGA,saga213_delays.txt,213,2020-07-31,July
INVERNO,SAGA,saga188_delays.txt,188,2020-07-06,July
INVERNO,SAGA,saga196_delays.txt,196,2020-07-14,July
INVERNO,SAGA,saga202_delays.txt,202,2020-07-20,July
INVERNO,SAGA,saga193_delays.txt,193,2020-07-11,July
INVERNO,SAGA,saga212_delays.txt,212,2020-07-30,July
INVERNO,SAGA,saga186_delays.txt,186,2020-07-04,July
INVERNO,SAGA,saga200_delays.txt,200,2020-07-18,July
INVERNO,SAGA,saga211_delays.txt,211,2020-07-29,July
INVERNO,SAGA,saga183_delays.txt,183,2020-07-01,July
INVERNO,SAGA,saga204_delays.txt,204,2020-07-22,July
INVERNO,SAGA,saga210_delays.txt,210,2020-07-28,July
INVERNO,SAGA,saga184_delays.txt,184,2020-07-02,July
INVERNO,SAGA,saga187_delays.txt,187,2020-07-05,July
INVERNO,SAGA,saga206_delays.txt,206,2020-07-24,July
INVERNO,POLI,poli187_delays.txt,187,2020-07-05,July
INVERNO,POLI,poli202_delays.txt,202,2020-07-20,July
INVERNO,POLI,poli190_delays.txt,190,2020-07-08,July
INVERNO,POLI,poli206_delays.txt,206,2020-07-24,July
INVERNO,POLI,poli201_delays.txt,201,2020-07-19,July
INVERNO,POLI,poli212_delays.txt,212,2020-07-30,July
INVERNO,POLI,poli207_delays.txt,207,2020-07-25,July
INVERNO,POLI,poli192_delays.txt,192,2020-07-10,July
INVERNO,POLI,poli194_delays.txt,194,2020-07-12,July
INVERNO,POLI,poli189_delays.txt,189,2020-07-07,July
INVERNO,POLI,poli185_delays.txt,185,2020-07-03,July
INVERNO,POLI,poli186_delays.txt,186,2020-07-04,July
INVERNO,POLI,poli204_delays.txt,204,2020-07-22,July
INVERNO,POLI,poli184_delays.txt,184,2020-07-02,July
INVERNO,POLI,poli210_delays.txt,210,2020-07-28,July
INVERNO,POLI,poli191_delays.txt,191,2020-07-09,July
INVERNO,POLI,poli200_delays.txt,200,2020-07-18,July
INVERNO,POLI,poli195_delays.txt,195,2020-07-13,July
INVERNO,POLI,poli196_delays.txt,196,2020-07-14,July
INVERNO,POLI,poli203_delays.txt,203,2020-07-21,July
INVERNO,POLI,poli208_delays.txt,208,2020-07-26,July
INVERNO,POLI,poli197_delays.txt,197,2020-07-15,July
INVERNO,POLI,poli205_delays.txt,205,2020-07-23,July
INVERNO,POLI,poli199_delays.txt,199,2020-07-17,July
INVERNO,POLI,poli209_delays.txt,209,2020-07-27,July
INVERNO,POLI,poli183_delays.txt,183,2020-07-01,July
INVERNO,POLI,poli213_delays.txt,213,2020-07-31,July
INVERNO,POLI,poli211_delays.txt,211,2020-07-29,July
INVERNO,POLI,poli193_delays.txt,193,2020-07-11,July
INVERNO,POLI,poli198_delays.txt,198,2020-07-16,July
INVERNO,POLI,poli188_delays.txt,188,2020-07-06,July
